{
    "materials":[{
        "shading":"lambert",
        "DbgName":"Material.002",
        "colorDiffuse":[0.168076,0.639282,0.00912968],
        "opacity":1,
        "DbgColor":15658734,
        "colorEmissive":[0,0,0],
        "doubleSided":false,
        "transparent":false,
        "blending":1,
        "wireframe":false,
        "DbgIndex":0,
        "depthWrite":true,
        "visible":true,
        "depthTest":true
    },{
        "specularCoef":50,
        "shading":"phong",
        "DbgName":"Material.003",
        "colorDiffuse":[0.586741,0.599803,0.64],
        "opacity":1,
        "DbgColor":15597568,
        "colorEmissive":[0,0,0],
        "doubleSided":false,
        "transparent":false,
        "blending":1,
        "wireframe":false,
        "DbgIndex":1,
        "depthWrite":true,
        "colorSpecular":[0.5,0.5,0.5],
        "visible":true,
        "depthTest":true
    },{
        "shading":"lambert",
        "DbgName":"Material.004",
        "colorDiffuse":[0.64,0.352966,0.00735394],
        "opacity":1,
        "DbgColor":60928,
        "colorEmissive":[0,0,0],
        "doubleSided":false,
        "transparent":false,
        "blending":1,
        "wireframe":false,
        "DbgIndex":2,
        "depthWrite":true,
        "visible":true,
        "depthTest":true
    }],
    "normals":[0.00866266,0.999482,-0.0309902,-0.00125507,0.999999,0.000503562,0.220747,0.832299,0.508478,-0.0531174,0.998445,-0.0169221,-0.126679,0.991689,0.0224929,-0.0544595,0.998201,-0.0250578,-0.0949642,0.99016,0.102783,-0.114895,0.993283,-0.0136819,0.133706,0.960133,0.245493,-0.115433,0.827958,-0.548781,0.0711751,0.982598,0.171569,-0.283839,0.958754,0.0150376,0.0458153,0.855759,-0.515342,0.147915,0.982698,0.111472,-0.154869,0.974324,-0.163429,-0.157845,0.979115,-0.128133,-0.140186,0.984537,0.10505,-0.0823796,0.995055,-0.0554889,-0.0219814,0.917739,-0.396575,-0.100827,0.822649,-0.559537,0.0143218,0.771102,0.63655,0.00889114,0.990972,-0.133773,-0.247485,0.930477,-0.270117,0.119805,0.990927,0.0609067,0.105743,0.992972,-0.0531582,0.0429347,0.972983,0.22685,0.0132643,0.900666,0.43431,0.153655,0.985119,-0.0770083,-0.0176723,0.91743,-0.397505,0.135473,0.98186,0.132659,0.152848,0.985025,0.0797728,-0.0387608,0.964837,-0.259977,0.070127,0.982681,-0.171525,0.604667,0.793657,-0.0669728,0.163397,0.979543,0.117463,0.613029,0.788038,-0.0565028,-0.0717111,0.996332,-0.0466975,-0.195697,0.977679,-0.0764654,-0.122238,0.968195,-0.218305,-0.120167,0.969269,-0.214658,0.0459681,0.984889,-0.166977,-0.785145,0.529949,0.320471,-0.263123,0.954692,-0.13903,-0.668706,0.638695,-0.38066,-0.361773,0.932237,0.00733718,-0.574182,0.816917,-0.0544245,-0.262385,0.955505,-0.134774,-0.230933,0.969997,-0.0760028,-0.359812,0.925176,-0.120765,-0.41155,0.909664,0.0560154,-0.572863,0.808209,0.136479,0.0223288,0.997448,0.0678151,-0.267154,0.884382,0.382749,-0.288742,0.938537,0.189146,-0.31636,0.908655,0.272513,-0.544354,0.831264,-0.112598,-0.459845,0.799805,0.385816,0.00595357,0.980716,0.19535,-0.0251156,0.867791,0.496294,-0.61555,0.750689,0.239928,-0.387212,0.884267,-0.261032,-0.393587,0.886032,-0.245021,-0.0549275,0.924789,0.376495,-0.505035,0.828688,-0.24128,0.0859511,0.637137,0.765944,-0.202709,0.972507,-0.114625,-0.608107,0.715345,0.344221,-0.0963585,0.87277,-0.478527,-0.0100228,0.975252,0.220868,-0.450982,0.872634,-0.187415,0.0453013,0.78278,0.620647,-0.324677,0.878263,-0.351055,0.00161726,0.999944,0.01049,0.281619,0.667046,0.689739,0.185209,0.916514,0.354541,0.276408,0.888629,0.365974,0.34535,0.740753,-0.57621,0.17207,0.954808,-0.242352,0.599699,0.659938,0.452597,-0.00784891,0.975811,0.218476,-0.119985,0.984568,0.127391,0.0701638,0.993442,0.0902791,0.0316707,0.980201,-0.195455,0.000309382,0.999999,0.00135205,0.775632,0.629893,0.0403751,0.705703,0.691583,-0.153935,0.140868,0.974886,-0.172494,0.234527,0.950901,0.201951,0.285107,0.947338,-0.145825,0.255583,0.957288,0.135194,0.472748,0.871263,0.131947,0.366775,0.922767,-0.118225,0.228295,0.9683,-0.101369,0.141605,0.986913,-0.0771411,0.185275,0.980839,0.0602358,0.00109851,0.999999,-0.000437872,0.132031,0.989691,0.0554935,0.13451,0.990804,0.0146676,0.00664174,0.999978,0.000934541,-0.0171631,0.999852,0.000887791,0.39152,0.839083,-0.377693,0.41003,0.887745,0.209246,0.353396,0.931538,0.0857252,-0.0109442,0.99994,-0.0010562,-0.105208,0.994405,-0.00951854,-0.0840096,0.996413,0.0101869,-0.299297,0.926101,-0.229692,-0.0496894,0.874498,-0.482478,-0.146727,0.988109,-0.0459584,-0.176478,0.953591,0.243966,-0.237622,0.970663,0.0367294,-0.0887644,0.93865,0.333252,-0.237444,0.970586,0.0398031,-0.171408,0.92863,0.329037,-0.179838,0.962051,0.205221,-0.11193,0.977772,0.177298,0.00672477,0.772814,0.634597,-0.0615585,0.976598,-0.206075,-0.0477643,0.997192,-0.0576796,0.094818,0.995298,0.019773,-0.0322994,0.997802,0.057868,0.14777,0.841208,0.520127,0.00633846,0.999112,-0.0416452,0.0510741,0.986409,-0.156171,0.0553648,0.993933,-0.0950354,0.0467295,0.987516,0.150427,-0.0494644,0.961173,-0.271477,0.130643,0.988864,-0.0712724,0.517882,0.822826,0.233999,0.190455,0.981673,-0.00668996,0.487677,0.841435,0.232717,0.142481,0.973939,0.176469,-0.0255991,0.999291,-0.0275988,0.0444927,0.981648,-0.185439,0.63486,0.766504,0.0970775,0.503103,0.821575,0.268145,0.504092,0.844094,0.18275,0.427051,0.854361,0.296132,-0.071644,0.960892,-0.267494,0.0471684,0.990568,-0.128647,-0.320925,0.945887,-0.0480029,-0.292552,0.944878,-0.147033,-0.457173,0.876715,-0.149543,-0.213545,0.976743,-0.0192767,-0.485544,0.865935,-0.120017,-0.481915,0.864334,-0.143821,-0.0667101,0.957768,0.279696,-0.032294,0.98825,0.149394,-0.530046,0.846337,-0.052571,-0.378242,0.848825,0.369363,-0.403809,0.909203,-0.101432,-0.395924,0.912636,-0.101683,-0.449781,0.868928,0.206548,-0.31535,0.948567,0.0278259,-0.0186504,0.998085,-0.0589861,-0.275759,0.684508,0.674837,-0.105097,0.989524,-0.0989792,-0.296022,0.751834,0.589165,-0.704733,0.667221,0.241179,-0.721297,0.680547,0.128792,-0.0189117,0.978168,0.206953,-0.351844,0.920149,-0.171846,-0.162995,0.985666,-0.0435268,-0.083336,0.97403,-0.210523,-0.389302,0.865425,-0.31541,-0.0991375,0.841682,-0.530795,0.0139936,0.903583,-0.428184,-0.176024,0.972575,-0.15203,-0.0609251,0.921458,0.38367,-0.0261596,0.958331,-0.284459,-0.0177653,0.847774,-0.530061,0.202842,0.630932,0.748852,0.00176017,0.999918,0.012718,-0.0206916,0.99733,0.0700268,0.24903,0.912218,0.325334,0.302582,0.865755,-0.398638,-0.182731,0.971545,-0.150696,-0.0127724,0.997203,0.0736398,0.461138,0.88718,-0.0162313,0.343264,0.856742,-0.384919,-0.0331752,0.973978,-0.224201,0.493862,0.750698,-0.438808,0.088198,0.992061,0.0896437,0.646776,0.692356,0.319882,0.618676,0.777227,-0.114713,0.222668,0.953359,-0.20378,0.647169,0.67351,-0.35715,0.750057,0.650951,-0.116949,0.221978,0.963885,0.147144,0.158246,0.978392,0.133072,0.231114,0.954965,0.186088,0.808513,0.562048,-0.174382,0.191011,0.977927,-0.084701,0.260573,0.965121,-0.0253393,0.0841062,0.991099,-0.103197,0.0365532,0.999162,0.0184253,0.273384,0.96093,0.0432836,0.154455,0.985974,-0.0632429,0.0942499,0.994859,0.0370423,0.206754,0.976574,0.0596346,0.290745,0.953638,-0.0777278,0.00370742,0.99999,-0.00238365,0.0136637,0.999907,1.02248e-06],
    "metadata":{
        "version":3,
        "type":"Geometry",
        "faces":203,
        "materials":3,
        "normals":203,
        "generator":"io_three",
        "vertices":113,
        "uvs":0
    },