{
    "materials":[{
        "shading":"lambert",
        "DbgName":"Material.002",
        "colorDiffuse":[0.168076,0.639282,0.00912968],
        "opacity":1,
        "DbgColor":15658734,
        "colorEmissive":[0,0,0],
        "doubleSided":false,
        "transparent":false,
        "blending":1,
        "wireframe":false,
        "DbgIndex":0,
        "depthWrite":true,
        "visible":true,
        "depthTest":true
    },{
        "specularCoef":50,
        "shading":"phong",
        "DbgName":"Material.003",
        "colorDiffuse":[0.586741,0.599803,0.64],
        "opacity":1,
        "DbgColor":15597568,
        "colorEmissive":[0,0,0],
        "doubleSided":false,
        "transparent":false,
        "blending":1,
        "wireframe":false,
        "DbgIndex":1,
        "depthWrite":true,
        "colorSpecular":[0.5,0.5,0.5],
        "visible":true,
        "depthTest":true
    },{
        "shading":"lambert",
        "DbgName":"Material.004",
        "colorDiffuse":[0.64,0.352966,0.00735394],
        "opacity":1,
        "DbgColor":60928,
        "colorEmissive":[0,0,0],
        "doubleSided":false,
        "transparent":false,
        "blending":1,
        "wireframe":false,
        "DbgIndex":2,
        "depthWrite":true,
        "visible":true,
        "depthTest":true
    }],
    "normals":[0.00866266,0.999482,-0.0309902,-0.00125507,0.999999,0.000503562,0.206067,0.837198,0.506593,-0.0531174,0.998445,-0.0169221,-0.126679,0.991689,0.0224929,-0.0544595,0.998201,-0.0250578,-0.0949642,0.99016,0.102783,-0.114895,0.993283,-0.0136819,0.123961,0.956405,0.264431,-0.207285,0.799608,-0.563613,-0.0730029,0.996872,0.0302702,-0.17995,0.983595,0.0125581,0.162044,0.867122,-0.471,0.221618,0.954528,-0.199402,-0.133416,0.987077,-0.088768,-0.132094,0.98516,-0.109593,-0.140186,0.984537,0.10505,-0.120038,0.990071,-0.0731422,-0.0219814,0.917739,-0.396575,-0.100827,0.822649,-0.559537,-0.102029,0.791834,0.602154,0.00798234,0.994876,-0.100789,-0.323721,0.943121,-0.0756836,0.153619,0.981168,0.117091,0.0958524,0.994334,-0.0459698,0.0429347,0.972983,0.22685,0.165082,0.906608,0.388343,0.153655,0.985119,-0.0770083,-0.0176723,0.91743,-0.397505,0.135473,0.98186,0.132659,0.152848,0.985025,0.0797728,-0.0387608,0.964837,-0.259977,0.070127,0.982681,-0.171525,0.367756,0.92716,-0.0716193,0.163397,0.979543,0.117463,0.68848,0.557919,0.463381,-0.0717111,0.996332,-0.0466975,-0.195697,0.977679,-0.0764654,-0.122238,0.968195,-0.218305,-0.120167,0.969269,-0.214658,0.105353,0.986086,-0.128587,-0.659866,0.522722,0.539758,-0.263123,0.954692,-0.13903,-0.599206,0.743004,-0.298158,-0.361773,0.932237,0.00733718,-0.119579,0.943568,-0.308838,-0.262385,0.955505,-0.134774,-0.230933,0.969997,-0.0760028,-0.359812,0.925176,-0.120765,-0.141316,0.972043,0.187516,-0.59892,0.785108,0.157796,0.0022018,0.998772,0.0494899,-0.267154,0.884382,0.382749,-0.288742,0.938537,0.189146,-0.31636,0.908655,0.272513,-0.476359,0.87055,-0.123392,-0.459845,0.799805,0.385816,-0.0461102,0.990093,0.132625,-0.0251156,0.867791,0.496294,-0.61555,0.750689,0.239928,-0.417982,0.890439,-0.180025,-0.393587,0.886032,-0.245021,-0.0549275,0.924789,0.376495,-0.637146,0.76372,-0.103805,0.0859511,0.637137,0.765944,-0.202709,0.972507,-0.114625,-0.608107,0.715345,0.344221,-0.0963585,0.87277,-0.478527,0.0466443,0.986372,0.157782,-0.59799,0.775137,-0.20389,0.0453013,0.78278,0.620647,-0.327343,0.877474,-0.35055,0.00914112,0.991747,0.127886,0.281619,0.667046,0.689739,0.185209,0.916514,0.354541,0.276408,0.888629,0.365974,0.34535,0.740753,-0.57621,0.17207,0.954808,-0.242352,0.599699,0.659938,0.452597,-0.00784891,0.975811,0.218476,-0.119985,0.984568,0.127391,0.0701638,0.993442,0.0902791,0.0316707,0.980201,-0.195455,0.000309382,0.999999,0.00135205,0.775632,0.629893,0.0403751,0.705703,0.691583,-0.153935,0.140868,0.974886,-0.172494,0.234527,0.950901,0.201951,0.285107,0.947338,-0.145825,0.255583,0.957288,0.135194,0.472748,0.871263,0.131947,0.366775,0.922767,-0.118225,0.228295,0.9683,-0.101369,0.141605,0.986913,-0.0771411,0.185275,0.980839,0.0602358,0.00109851,0.999999,-0.000437872,0.132031,0.989691,0.0554935,0.13451,0.990804,0.0146676,0.00664174,0.999978,0.000934541,-0.0171631,0.999852,0.000887791,0.39152,0.839083,-0.377693,0.41003,0.887745,0.209246,0.341912,0.937668,0.062242,-0.0109442,0.99994,-0.0010562,-0.105208,0.994405,-0.00951854,-0.0840096,0.996413,0.0101869,-0.299297,0.926101,-0.229692,-0.0516212,0.916801,-0.395993,-0.131592,0.990445,-0.041264,-0.176478,0.953591,0.243966,-0.237622,0.970663,0.0367294,-0.20881,0.913021,0.350416,-0.241317,0.969638,-0.0395912,-0.173531,0.937407,0.301919,-0.15515,0.857429,0.490657,-0.11193,0.977772,0.177298,0.0187739,0.770076,0.637676,-0.0660819,0.980903,-0.182927,-0.0488304,0.996637,-0.0657988,0.094818,0.995298,0.019773,-0.0322994,0.997802,0.057868,0.13447,0.920718,0.366327,0.00633846,0.999112,-0.0416452,0.0732353,0.982015,-0.174024,0.0819196,0.992542,-0.0902694,0.0467295,0.987516,0.150427,0.137988,0.988501,-0.0618457,0.130643,0.988864,-0.0712724,0.517882,0.822826,0.233999,0.190455,0.981673,-0.00668996,0.487677,0.841435,0.232717,0.142481,0.973939,0.176469,-0.0255991,0.999291,-0.0275988,0.0444927,0.981648,-0.185439,0.661455,0.746829,0.0687273,0.300177,0.953114,0.0382995,0.251902,0.955989,0.150433,0.137319,0.962612,0.233499,-0.0836335,0.963422,-0.254606,-0.0681737,0.895082,0.440659,-0.320925,0.945887,-0.0480029,-0.292552,0.944878,-0.147033,-0.457173,0.876715,-0.149543,-0.213545,0.976743,-0.0192767,-0.368954,0.924735,-0.093481,-0.366962,0.926091,-0.087719,-0.0667101,0.957768,0.279696,-0.032294,0.98825,0.149394,-0.477738,0.866051,-0.147387,-0.0593702,0.586018,0.80812,-0.403809,0.909203,-0.101432,-0.395924,0.912636,-0.101683,-0.449781,0.868928,0.206548,-0.311327,0.950091,-0.0200517,-0.0186504,0.998085,-0.0589861,-0.275759,0.684508,0.674837,-0.105097,0.989524,-0.0989792,-0.296022,0.751834,0.589165,-0.704733,0.667221,0.241179,-0.728117,0.683305,-0.054221,-0.000698563,0.992802,0.119767,-0.519969,0.848747,-0.0962387,-0.162995,0.985666,-0.0435268,-0.083336,0.97403,-0.210523,-0.606048,0.776574,-0.172162,-0.0991375,0.841682,-0.530795,0.0139936,0.903583,-0.428184,-0.176024,0.972575,-0.15203,-0.0609251,0.921458,0.38367,-0.0261619,0.958355,-0.28438,-0.0177653,0.847774,-0.530061,0.202842,0.630932,0.748852,0.00176017,0.999918,0.012718,-0.0206916,0.99733,0.0700268,0.24903,0.912218,0.325334,0.302582,0.865755,-0.398638,-0.182731,0.971545,-0.150696,0.00612312,0.998601,0.0525269,0.461138,0.88718,-0.0162313,0.343264,0.856742,-0.384919,-0.0331752,0.973978,-0.224201,0.493862,0.750698,-0.438808,0.088198,0.992061,0.0896437,0.646776,0.692356,0.319882,0.618676,0.777227,-0.114713,0.222668,0.953359,-0.20378,0.647169,0.67351,-0.35715,0.750057,0.650951,-0.116949,0.221978,0.963885,0.147144,0.158246,0.978392,0.133072,0.231114,0.954965,0.186088,0.808513,0.562048,-0.174382,0.191011,0.977927,-0.084701,0.260573,0.965121,-0.0253393,0.0841062,0.991099,-0.103197,0.0365532,0.999162,0.0184253,0.273384,0.96093,0.0432836,0.154455,0.985974,-0.0632429,0.0942499,0.994859,0.0370423,0.206754,0.976574,0.0596346,0.290745,0.953638,-0.0777278,0.00370742,0.99999,-0.00238365,0.0136637,0.999907,1.02248e-06],
    "metadata":{
        "version":3,
        "type":"Geometry",
        "faces":203,
        "materials":3,
        "normals":203,
        "generator":"io_three",
        "vertices":113,
        "uvs":0
    },