{
    "materials":[{
        "specularCoef":50,
        "shading":"phong",
        "DbgName":"Material.005",
        "colorDiffuse":[0.00684573,0.219444,0.64],
        "opacity":1,
        "DbgColor":15658734,
        "colorEmissive":[0,0,0],
        "doubleSided":false,
        "transparent":false,
        "blending":1,
        "wireframe":false,
        "DbgIndex":0,
        "depthWrite":true,
        "colorSpecular":[0.5,0.5,0.5],
        "visible":true,
        "depthTest":true
    }],
    "normals":[0,1,-4.78966e-08,-1.37033e-14,1,-4.78966e-08,0,1,-4.78966e-08,0.0185292,0.999585,0.0220585,-0.0185292,0.999585,0.0220585,-4.56777e-15,1,-4.78966e-08,0.0357742,0.998452,-0.0425884,0.00676508,0.997008,0.0769999,-0.0290148,0.998982,-0.0345414,-1.21807e-14,1,-4.25747e-08,0,1,-4.78966e-08,-0.0357742,0.998452,-0.0425884,-0.00676508,0.997008,0.0769999,0.0290148,0.998982,-0.0345414,0,1,-4.25747e-08,-0.0475255,0.997266,0.056578,-0.0475255,0.997266,-0.056578,0,1,-4.25747e-08,0,1,-4.78966e-08,0.0475255,0.997266,0.056578,-0.0358736,0.998443,0.0427066,-0.0828884,0.991661,-0.0986767,0.0185292,0.999585,-0.0220586,0,1,-4.25747e-08,0.0828884,0.991661,0.0986766,0.0828884,0.991661,-0.0986767,-0.0185292,0.999585,-0.0220586,0,1,-4.25748e-08],
    "metadata":{
        "version":3,
        "type":"Geometry",
        "faces":36,
        "materials":1,
        "normals":28,
        "generator":"io_three",
        "vertices":49,
        "uvs":0
    },
    "vertices":[-10.0108,-0.0668144,-1.53858,-0.0108051,-0.0668144,-1.53858,-10.0108,-0.0668148,-9.93858,-0.0108051,-0.0668148,-9.93858,-10.0108,-0.0668147,-8.53858,-10.0108,-0.0668146,-7.13858,-10.0108,-0.0668146,-5.73858,-10.0108,-0.0668145,-4.33858,-10.0108,-0.0668145,-2.93858,-8.34414,-0.0668144,-1.53858,-6.67747,-0.0668144,-1.53858,-5.01081,-0.0668144,-1.53858,-3.34414,-0.0668144,-1.53858,-1.67747,-0.0668144,-1.53858,-0.0108051,-0.0668145,-2.93858,-0.0108051,-0.0668145,-4.33858,-0.0108051,-0.0668146,-5.73858,-0.0108051,-0.0668146,-7.13858,-0.0108051,-0.0668147,-8.53858,-1.67747,-0.0668148,-9.93858,-3.34414,-0.0668148,-9.93858,-5.01081,-0.0668148,-9.93858,-6.67747,-0.0668148,-9.93858,-8.34414,-0.0668148,-9.93858,-8.34414,-0.0668145,-2.93858,-8.34414,-0.186247,-4.33858,-8.34414,0.0299998,-5.73858,-8.34414,-0.0668146,-7.13858,-8.34414,-0.0668147,-8.53858,-6.67747,-0.0668145,-2.93858,-6.67747,-0.0668145,-4.33858,-6.67747,-0.0668146,-5.73858,-6.67747,-0.0668146,-7.13858,-6.67747,-0.0668147,-8.53858,-5.01081,-0.0668145,-2.93858,-5.01081,0.0920381,-4.33858,-5.01081,-0.0668146,-5.73858,-5.01081,-0.0668146,-7.13858,-5.01081,-0.0668147,-8.53858,-3.34414,-0.0668145,-2.93858,-3.34414,-0.0668145,-4.33858,-3.34414,0.211803,-5.73858,-3.34414,-0.0668146,-7.13858,-3.34414,-0.128604,-8.53858,-1.67747,-0.0668145,-2.93858,-1.67747,-0.0668145,-4.33858,-1.67747,-0.0668146,-5.73858,-1.67747,-0.0668146,-7.13858,-1.67747,-0.0668147,-8.53858],
    "faces":[35,48,18,3,19,0,0,0,0,0,35,4,28,23,2,0,1,1,1,1,35,28,33,22,23,0,2,2,2,2,35,33,38,21,22,0,2,2,2,2,35,38,43,20,21,0,3,3,3,3,35,43,48,19,20,0,4,4,4,4,35,0,9,24,8,0,5,5,5,5,35,8,24,25,7,0,6,6,6,6,35,7,25,26,6,0,7,7,7,7,35,6,26,27,5,0,8,8,8,8,35,5,27,28,4,0,9,9,9,9,35,9,10,29,24,0,10,10,10,10,35,24,29,30,25,0,11,11,11,11,35,25,30,31,26,0,12,12,12,12,35,26,31,32,27,0,13,13,13,13,35,27,32,33,28,0,14,14,14,14,35,10,11,34,29,0,10,10,10,10,35,29,34,35,30,0,15,15,15,15,35,30,35,36,31,0,16,16,16,16,35,31,36,37,32,0,17,17,17,17,35,32,37,38,33,0,14,14,14,14,35,11,12,39,34,0,18,18,18,18,35,34,39,40,35,0,19,19,19,19,35,35,40,41,36,0,20,20,20,20,35,36,41,42,37,0,21,21,21,21,35,37,42,43,38,0,22,22,22,22,35,12,13,44,39,0,18,18,18,18,35,39,44,45,40,0,23,23,23,23,35,40,45,46,41,0,24,24,24,24,35,41,46,47,42,0,25,25,25,25,35,42,47,48,43,0,26,26,26,26,35,13,1,14,44,0,10,10,10,10,35,44,14,15,45,0,27,27,27,27,35,45,15,16,46,0,17,17,17,17,35,46,16,17,47,0,17,17,17,17,35,47,17,18,48,0,14,14,14,14],
    "uvs":[]
}